Id_venda,Data,Mes_Ano,Marca,Modelo,ValorUnitario,QtdeProduto,ValorTotal,Pagamento_forma
1,2025-12-01,2025-12,LG,K41S,500,2,1000,Pix
2,2025-12-01,2025-12,Redmi,Redmi 15,1250,2,2500,Cartão
3,2025-12-01,2025-12,Samsung,A06,750,1,750,Cartão
4,2025-12-02,2025-12,Redmi,Note 14,1250,1,1250,Cartão
5,2025-12-02,2025-12,Poco,X7 Pro,2300,1,2300,Cartão
6,2025-12-03,2025-12,Samsung,A07,750,1,750,Cartão
7,2025-12-04,2025-12,Redmi,Redmi 15,1250,1,1250,Pix
8,2025-12-05,2025-12,Realme,C75,1250,1,1250,Cartão
9,2025-12-05,2025-12,Samsung,A15,800,1,800,Pix
10,2025-12-05,2025-12,Samsung,A07,750,1,750,Cartão
11,2025-12-08,2025-12,Samsung,A06,650,2,1300,Cartão
12,2025-12-09,2025-12,Samsung,A10S,400,1,400,Pix
13,2025-12-12,2025-12,Motorola,G06,800,1,800,Cartão
14,2025-12-13,2025-12,Iphone,17 Pro Max,10000,1,10000,Cartão
15,2025-12-17,2025-12,Redmi,Redmi 15C,1100,1,1100,Cartão
16,2025-12-17,2025-12,Samsung,A07,750,1,750,Pix
17,2025-12-18,2025-12,Iphone,15,4600,1,4600,Cartão
18,2025-12-18,2025-12,Samsung,A07,750,1,750,Cartão
19,2025-12-18,2025-12,Realme,C75,1250,1,1250,Cartão
20,2025-12-19,2025-12,Motorola,G8Play,500,1,500,Cartão
21,2025-12-19,2025-12,Iphone,12 Pro Max,2800,1,2800,Cartão
22,2025-12-20,2025-12,Samsung,A07,750,1,750,Pix
23,2025-12-21,2025-12,Samsung,A07,750,1,750,Pix
24,2025-12-22,2025-12,Realme,Note 60X,750,1,750,Cartão
25,2025-12-22,2025-12,Poco,C85,1000,1,1000,Cartão
26,2025-12-23,2025-12,Samsung,A07,750,1,750,Pix
27,2025-12-24,2025-12,Redmi,A5,650,1,650,Cartão
28,2025-12-24,2025-12,Redmi,Note 14,1250,1,1250,Cartão
29,2025-12-24,2025-12,Samsung,A07,750,1,750,Pix
30,2025-12-26,2025-12,Samsung,A07,750,1,750,Cartão
31,2025-12-26,2025-12,Samsung,S25 FE,3000,1,3000,Cartão
32,2025-12-26,2025-12,Motorola,G06,800,1,800,Cartão
33,2025-12-29,2025-12,Samsung,A56,2300,1,2300,Cartão
34,2025-12-29,2025-12,Redmi,15C,1100,1,1100,Pix
35,2025-12-29,2025-12,Redmi,Note 12,700,1,700,Cartão
36,2025-12-29,2025-12,Motorola,G06,800,1,800,Cartão
37,2025-12-31,2025-12,Positivo,P28,195,1,195,Pix
38,2025-12-31,2025-12,Samsung,S25 ,2500,1,2500,Cartão
39,2025-12-31,2025-12,Iphone,16E,3200,1,3200,Cartão
40,2025-12-31,2025-12,Samsung,A56,2300,1,2300,Cartão
41,2025-12-31,2025-12,Realme,Note 60X,750,1,750,Cartão
42,2025-12-31,2025-12,Poco,C71,650,1,650,Cartão
43,2026-01-03,2026-01,Realme,C75,1250,1,1250,Cartão
44,2026-01-05,2026-01,Samsung,S25 ,2500,1,2500,Cartão
45,2026-01-05,2026-01,Motorola,G06,800,1,800,Cartão
46,2026-01-07,2026-01,Motorola,G06,800,2,1600,Cartão
47,2026-01-07,2026-01,Samsung,A13,500,1,500,pix
48,2026-01-08,2026-01,Iphone,11,1300,1,1300,Cartão
49,2026-01-08,2026-01,Iphone,11,1450,1,1450,Cartão
50,2026-01-08,2026-01,Realme,C75,1250,1,1250,Cartão
51,2026-01-08,2026-01,Poco,C85,1000,1,1000,Cartão
52,2026-01-09,2026-01,Poco,C71,900,1,900,Cartão
53,2026-01-09,2026-01,Iphone,16 pro max,7000,1,7000,Cartão
54,2026-01-12,2026-01,Poco,X6,900,1,900,Cartão
55,2026-01-12,2026-01,Realme,Note 60X,750,1,750,Cartão
56,2026-01-12,2026-01,Iphone,13,1250,1,1250,Cartão
57,2026-01-13,2026-01,Realme,C75,1250,1,1250,Cartão
58,2026-01-13,2026-01,Realme,Note 60X,750,1,750,Pix
59,2026-01-14,2026-01,Redmi,Note 14,1250,1,1250,Cartão
60,2026-01-14,2026-01,Realme,C75,1250,1,1250,Cartão
61,2026-01-15,2026-01,Realme,C75,1250,1,1250,Cartão
62,2026-01-16,2026-01,Iphone,XR,850,1,850,Cartão
63,2026-01-21,2026-01,Iphone,13,2300,1,2300,Cartão
64,2026-01-21,2026-01,Redmi,Note 14,1250,1,1250,Cartão
65,2026-01-21,2026-01,Redmi,Note 14S,1400,1,1400,Cartão
66,2026-01-22,2026-01,Iphone,11,1400,1,1400,Cartão
67,2026-01-24,2026-01,Samsung,S25 Ultra,5500,1,5500,Cartão
68,2026-01-24,2026-01,Realme,Note 60X,750,2,1500,Cartão + Pix
69,2026-01-24,2026-01,Poco,X7 Pro,2300,1,2300,car
70,2026-01-26,2026-01,Poco,C85,1000,1,1000,Pix
71,2026-01-26,2026-01,Iphone,16E,3200,1,3200,Cartão
72,2026-01-28,2026-01,Samsung,S24 Ultra,4300,1,4300,Cartão
73,2026-01-30,2026-01,Samsung,A07,750,2,1500,Cartão + Pix
74,2026-01-30,2026-01,Poco,C85,1000,1,1000,Cartão
75,2026-01-30,2026-01,Redmi,13C,700,1,700,Pix
76,2026-01-31,2026-01,Iphone,15,4600,1,4600,Cartão + Pix
77,2026-02-02,2026-02,Samsung,A03 Core,500,1,500,Cartão
78,2026-02-02,2026-02,Motorola,E32,500,1,500,Cartão
79,2026-02-02,2026-02,Realme,Note 70,970,1,970,Cartão + Pix
80,2026-02-03,2026-02,Realme,C75,1250,1,1250,Pix
81,2026-02-03,2026-02,Poco,X7 Pro,2300,1,2300,Cartão + Pix
82,2026-02-03,2026-02,Redmi,Note 14,1250,1,1250,Pix
83,2026-02-04,2026-02,Redmi,15C,1000,1,1000,Pix
84,2026-02-06,2026-02,Poco,C85 Pro,1300,1,1300,Cartão
85,2026-02-06,2026-02,Redmi,Redmi 15,1250,1,1250,Cartão
86,2026-02-07,2026-02,Redmi,13C,800,1,800,Cartão
87,2026-02-07,2026-02,Iphone,14,3200,1,3200,Cartão
88,2026-02-08,2026-02,Realme,Note 60X,750,2,1500,Cartão
89,2026-02-09,2026-02,Poco,C71,900,1,900,Pix
90,2026-02-09,2026-02,Samsung,A15,800,1,800,Pix
91,2026-02-09,2026-02,Samsung,A55,1500,1,1500,Cartão
92,2026-02-09,2026-02,Redmi,Note 14,1250,1,1250,Cartão
93,2026-02-10,2026-02,Iphone ,16E,3200,1,3200,Cartão
94,2026-02-10,2026-02,Iphone,13,2500,1,2500,Cartão + Pix
95,2026-02-11,2026-02,Poco,X7 Pro,2300,1,2300,Cartão
96,2026-02-12,2026-02,Redmi,Note 14 ,1250,2,2500,Cartão
97,2026-02-12,2026-02,Poco,C71,900,1,900,pix
98,2026-02-13,2026-02,Redmi,Note 14,1250,1,1250,pix
99,2026-02-13,2026-02,Redmi,A5 ,750,1,750,Cartão
100,2026-02-19,2026-02,Redmi,Note 14S,1400,1,1400,Cartão
101,2026-02-19,2026-02,Redmi,Note 15,1550,1,1550,Cartão
102,2026-02-19,2026-02,Redmi,Note 12 5G,900,1,900,Cartão
103,2026-02-20,2026-02,Iphone,13,3200,1,3200,pix
104,2026-02-20,2026-02,Realme,Note 60X,750,1,750,Pix
105,2026-02-21,2026-02,Realme,Note 60X,750,1,750,Pix
106,2026-02-21,2026-02,Redmi,A5 ,650,1,650,Pix
107,2026-02-23,2026-02,Redmi,Note 14S,1400,1,1400,Cartão + Pix
108,2026-02-23,2026-02,Redmi,Redmi 15,1550,1,1550,Cartão
109,2026-02-23,2026-02,Poco,C71,900,1,900,Cartão
110,2026-02-23,2026-02,Iphone,11,1400,1,1400,Cartão
111,2026-02-23,2026-02,Iphone,14,3700,1,3700,Cartão + Pix
112,2026-02-27,2026-02,Iphone,11,1300,1,1300,Cartão
113,2026-02-28,2026-02,Realme,Note 60X,750,1,750,pix
114,2026-02-28,2026-02,Samsung,A07,750,2,1500,Cartão
115,2026-03-03,2026-03,Redmi,Note 12S,800,1,800,Cartão
116,2026-03-03,2026-03,Poco,C85,1100,1,1100,Cartão
117,2026-03-03,2026-03,Realme,Note 60X,750,1,750,Cartão
118,2026-03-04,2026-03,Redmi,Note 14 ,1250,1,1250,Pix
119,2026-03-04,2026-03,Iphone ,14 Pro Max,4000,1,4000,Cartão + Pix
120,2026-03-05,2026-03,Redmi,Note 14,1250,1,1250,Cartão
121,2026-03-05,2026-03,Iphone ,15,4500,1,4500,Cartão
122,2026-03-06,2026-03,Realme,Note 60X,750,1,750,Cartão
123,2026-03-07,2026-03,Redmi,Redmi 15,1200,1,1200,Pix
124,2026-03-07,2026-03,Redmi,A5,650,1,650,Pix
125,2026-03-07,2026-03,Redmi,15C,1100,1,1100,Cartão + Pix
126,2026-03-10,2026-03,Realme,Note 60X,750,2,1500,Cartão
127,2026-03-10,2026-03,Redmi,Note 14S,1400,1,1400,Cartão
128,2026-03-10,2026-03,Poco,C85  ,1100,1,1100,Cartão
129,2026-03-11,2026-03,Iphone ,16E,3200,2,6400,Cartão + Pix
130,2026-03-11,2026-03,Samsung,A07,750,1,750,Cartão
131,2026-03-12,2026-03,Redmi,Note 14S,1400,1,1400,Cartão
132,2026-03-12,2026-03,Samsung,A07,750,1,750,Pix
133,2026-03-12,2026-03,Redmi,Redmi 15,1200,1,1200,Cartão + Pix
134,2026-03-13,2026-03,Poco,C85,1100,1,1100,Pix
135,2026-03-13,2026-03,Iphone,Iphone 11,1200,1,1200,Cartão
136,2026-03-13,2026-03,Motorola,G06,800,3,2400,Cartão + Pix
137,2026-03-13,2026-03,Redmi,Note 14,1250,1,1250,Pix
138,2026-03-16,2026-03,Iphone ,16E,3200,1,3200,Cartão
139,2026-03-16,2026-03,Redmi,15C,1100,1,1100,Cartão
140,2026-03-16,2026-03,Redmi,15,1200,1,1200,Cartão
141,2026-03-17,2026-03,Redmi,Note 14 Pro,1550,1,1550,Cartão
142,2026-03-17,2026-03,Redmi,Redmi 15,1200,1,1200,Cartão
143,2026-03-17,2026-03,Redmi,C75,1200,1,1200,Cartão
144,2026-03-18,2026-03,Redmi,Redmi 15,1200,1,1200,Cartão
145,2026-03-19,2026-03,Redmi,13C,500,1,500,Pix
146,2026-03-20,2026-03,Redmi,Note 14S,1400,2,2800,Cartão + Pix
147,2026-03-20,2026-03,Redmi,Redmi 15,1200,1,1200,Pix
148,2026-03-20,2026-03,Samsung,A07,750,1,750,Pix
149,2026-03-20,2026-03,Iphone,15,4500,1,4500,Cartão
150,2026-03-21,2026-03,Redmi,Redmi 15,1200,2,2400,Cartão
151,2026-03-21,2026-03,Redmi,A5,650,1,650,Pix
152,2026-03-21,2026-03,Samsung,S25FE,4500,1,4500,Cartão
153,2026-03-23,2026-03,Poco,C85  ,1100,1,1100,Cartão
154,2026-03-23,2026-03,Redmi,Note 12,800,1,800,Cartão
155,2026-03-25,2026-03,Redmi,15C,1100,1,1100,Pix
156,2026-03-25,2026-03,Redmi,Note 14,1250,1,1250,Cartão
157,2026-03-25,2026-03,Iphone ,14,4000,1,4000,Cartão + Pix
158,2026-03-26,2026-03,Redmi,Note 15,1550,1,1550,Cartão
159,2026-03-26,2026-03,Motorola,G06,800,1,800,Pix
160,2026-03-26,2026-03,Samsung,A15,900,1,900,Pix
161,2026-03-27,2026-03,Infinix,Hot 50,900,1,900,Pix
162,2026-03-28,2026-03,Redmi,15C,1100,1,1100,Cartão
163,2026-03-28,2026-03,Poco,C85  ,1100,1,1100,Cartão
164,2026-03-28,2026-03,Redmi,Redmi 15,1200,1,1200,Cartão
165,2026-03-28,2026-03,Samsung,A07,750,1,750,Pix
166,2026-03-28,2026-03,Redmi,Note 12,800,1,800,Pix
167,2026-03-29,2026-03,Poco,C85 Pro,1550,1,1550,Cartão + Pix
168,2026-03-29,2026-03,Samsung,A07,750,1,750,Pix
